review_id,app_id,fecha,fecha_scraping,comentario,recomendacion,horas_jugadas,horas_en_review,publicada_recientemente,idioma,votos_util,votos_divertido,fuente_compra
223769072,366250,2026-04-21,2026-04-21,Jogaço!,recommended,37.2,,True,brazilian,0,0,
223726234,366250,2026-04-20,2026-04-21,"MISSION START: A 30-Year Tribute to Metal Slug Playing Metal Slug again today felt like stepping into a time machine. As the series celebrates its 30th anniversary, revisiting the original reminded me exactly why this game was the absolute centerpiece of my childhood. Aesthetic Perfection Even three decades later, the hand-drawn pixel art is breathtaking. The ""chunky,"" bulbous design of the tanks and planes gives everything a distinct, almost organic personality that modern games still struggle to replicate. Every explosion and character animation is fluid and ""smooth as a baby’s bottom,"" proving that high-quality 2D art is truly timeless. The Sound of War The music is just as iconic as the visuals. From the heroic, driving themes of the first mission to the booming ""HEAVY MACHINE GUN!"" voice-overs, the audio perfectly captures the frantic energy of the game. It provides a heavy, driving rhythm that keeps your heart racing through every firefight. Intensity in the Trenches The action is relentless. It isn't just a simple shooter; it’s an intense, nonstop rush that makes you feel like you are right there in the muddy trenches, dodging a literal ""horde of enemies."" One second you’re knifing a paratrooper, and the next you're liberating a prisoner from a high-tech destroyer. It’s chaotic, ludicrous, and incredibly satisfying. The ""Quarter-Cruncher"" Legacy I’ll admit, beating this game today brought back the memory of just how many coins I used to pour into those arcade machines. It was a true ""quarter-cruncher"" designed to punish you, but I didn't mind spending a small fortune back then—and I didn't mind doing it again today. Metal Slug isn't just a game to me; it's a core childhood memory that still holds up as one of the greatest run-and-gun experiences ever made. Final Verdict: 5/5 – MISSION COMPLETE.",recommended,1.33,,True,english,0,0,
223711427,366250,2026-04-20,2026-04-21,Jogaço amei... so poderian colocar opção de deixalo sem slow Daw,recommended,0.7,,True,brazilian,0,0,
223674559,366250,2026-04-20,2026-04-21,joguei com um amigo mt ruim,recommended,1.63,,True,brazilian,0,0,
223665453,366250,2026-04-19,2026-04-21,"Metal Slug is pure run-and-gun perfection in a compact package. You play as Marco or one of the other rebels, blasting through beautifully hand-drawn levels packed with enemy soldiers, tanks, helicopters, and absurd bosses while rescuing POWs and hopping into overpowered vehicles. The gameplay is lightning-fast, incredibly satisfying, and surprisingly deep for its age, tight controls, responsive shooting, and that signature frantic energy make every run feel exhilarating. The pixel art still looks gorgeous, the soundtrack slaps, and the over-the-top humor and gore add tons of personality. At just 30-45 minutes per playthrough, it's short but endlessly replayable thanks to multiple difficulty levels, score chasing, and two-player local co-op. The Steam version runs flawlessly with modern resolutions and controller support. The only real downside is its brevity and high difficulty that can frustrate newcomers, but once you get good, it becomes addictive.",recommended,2.48,,True,english,0,0,
223647670,366250,2026-04-19,2026-04-21,"[h1] Overview [/h1] I had last played metal slug at a friend’s house as a kid, so it was a fun bit of nostalgia to pick it up again. It’s very fast paced and action packed, like playing through a roided up action movie in 2D. This and the other games in the series are quite short, however, so I’d recommend waiting for a sale. [h1] Performance [/h1] Some have had issues with this version of the game but I had no performance problems. [h1] Achievements [/h1] Essentially only two you have to think about, the rest are basically just “play the game.” Teamwork requires you to play co-op. The game isn’t exactly populated, but you just need to load into the game with one other person, no need to complete a mission or anything, so it’s fairly easy to find someone in steam discussions. Mission All Complete requires completing the game without using a continue, which means you only get a couple deaths. Requires a lot of practice, memorization, and some luck, and is by far the greatest challenge here. Good news is, you’ll get basically every other achievement passively in pursuit of this one.",recommended,15.1,,True,english,0,0,
223589911,366250,2026-04-19,2026-04-21,Feliz 30 aniversario de dar buenos juegazos,recommended,10.57,,True,latam,0,0,
223572410,366250,2026-04-18,2026-04-21,◎ - Achievements - Leaderboards (worldwide and friends and difficulties) - ultrawide support with black bars (unfortunately no cool borders) - gamepad support - Japanese menu support (shows English side-by-side too which is a nice touch) - The emulation seems to run without noticeable issue × - Crashes,recommended,0.2,,True,english,0,0,
223455920,366250,2026-04-17,2026-04-21,Nostalgia pura!,recommended,3.52,,True,brazilian,0,0,
223435347,366250,2026-04-17,2026-04-21,开天辟地的系列初代，梦开始的地方，单人通关版的结局动画让人感慨良多，战争真不是个好东西啊。 像素风格灵动到不可思议，和音乐配合在一起的演出效果简直浑然天成，我现在这么喜欢像素风格这游戏功不可没,recommended,7.03,,True,schinese,0,0,
223336749,366250,2026-04-15,2026-04-21,"Joguei quando tinha uns 5 anos de idade naquelas locadoras de jogos. Muito bom. É um jogo que envelheceu bem e entrega o que promete: diversão. Ponto. É isso, não tem o que aprofundar ou fazer rodeios, é divertido e isso já basta.",recommended,3.65,,True,brazilian,0,0,
223222152,366250,2026-04-14,2026-04-21,"Apesar de ser um jogo um pouco datado, é inquestionável o sentimento de nostalgia ao jogar Metal Slug. Nunca vou esquecer quando ia para a casa do meu primo e passávamos horas jogando e jogando. Engraçado que, ao jogar novamente, percebo o quão curto ele é, mas, com os momentos mágicos da infância junto com os primos, marca as nossas lembranças até hoje. Dessa forma, acho que é um jogo maravilhoso para atiçar as nossas memórias e momentos felizes. Claro que o game possui um problema com as escolhas de teclas para atirar e pular, mas nada que uma alteração não resolva kkk Por isso, bom jogo à todos!",recommended,1.37,,True,brazilian,0,0,
223207596,366250,2026-04-13,2026-04-21,"È um jogo bem curto, não deixa de ser um jogo bom. È um classico que podemos esta jogando no pc, algumas pessoas amam esse jogo pela lembrança da infância, mas é um jogo normal não tem nada demais.",recommended,1.0,,True,brazilian,0,0,
223164867,366250,2026-04-13,2026-04-21,童年的回忆，一命通关👍👍👍,recommended,7.28,,True,schinese,0,0,
223147002,366250,2026-04-12,2026-04-21,"I haven't played this game before, but even then I can tell there's something seriously off about this port. This game is three decades old at this point, it can't be this hard to make it run at a stable framerate without input lag. It is worth checking out, but don't bother with the Steam version.",not recommended,5.6,,True,english,0,0,
223133379,366250,2026-04-12,2026-04-21,It´s peak,recommended,11.9,,True,english,0,0,
223110621,366250,2026-04-12,2026-04-21,一命通关靠的不是技巧，而是对游戏无数次的通关后的理解，以及对童年的敬意！ 遥想当年，金戈铁马，气吞万里如虎，我wasdjkl，你上下左右123，打的那叫一个火热，那时候盗版还有金手指，想要什么武器就调出来什么武器，还有无数条命可以用来挥霍，每次找到一个新的隐藏路线都会和小伙伴一起开心一整天，虽然物是人非，我们也都长大了，步入了各自的工作岗位，但我们的青春并没有逝去，缅怀是为了更好的将来，愿看到的朋友们都能像合金弹头的主角一般，一往直前，战无不胜(～￣▽￣)～ 不过还是得吐槽几点，把这个系列拆开卖的行为，以及卖的还老贵这一设定属实是让人有点绷不住，要不是打折八块一个，这波情怀还真是很难补票了，这正版是和以前玩的盗版不太一样，界面啥的都透出一种熟悉的陌生感，还有这个联机服务器，真的是水的批爆，能不能联上还真是全凭运气，玩着玩着掉线的情况也是时有发生，咱就是说，你都卖这么贵了，还不舍得加固一下联机服务器，把游戏的兼容问题解决一下这么难的嘛😒,recommended,46.77,,True,schinese,0,0,
223102793,366250,2026-04-12,2026-04-21,2026.0412 第210篇评测 美利坚超人一人干碎日军六个基地 昭和超人 凭借肉体硬吃几十发子弹 联机连不到人了 做不了全成就了,recommended,8.13,,True,schinese,0,0,
222971018,366250,2026-04-10,2026-04-21,"Metal Slug це класична гра в стилі “Run & Gun” яка має значну частку гумору, як в загальному стилі та зображенні ворогів, оточення, фону, так і в обігруванні популярних штампів інших відеоігор та фільмів. Та з точки зору геймплею нема нічого складного, гравець повинен постійно стріляти в безперервний потік ворогів щоб дійти до кінця рівня де наприкінці, як правило, відбувається сутичка між гравцем та босом який як завжди більший та сильніший за звичайних ворогів. По дорозі через кожен рівень гравець може знайти численні модернізації зброї і зайняти танки «Metal Slug» котрі не тільки мають більш забійну силу, але й значний захист. На додаток до стрілянини, гравець може виконувати атаки ближнього бою з використанням ножа та персонаж не вмирає, просто входячи в контакт з ворогами, та відповідно багато з ворожих військ мають атаки ближнього бою. Велика частина декорацій гри також руйнуються, іноді це дає додаткові корисні предмети або очки. А також по мимо всіляких бонусів, ворогів та декорацій на рівнях зустрічаються полонені яких можна звільнити а вони в якості подяки можуть видати гравцю бонус у вигляді модернізації зброї тощо. Після завершення кожного рівня гра проводить підсумки, наприклад скількох полонених вдалося звільнити, та чи вдалося гравцю зберегти в цілісності танк «Metal Slug», що враховується до загальної статистики гравця. Стандартно як для гри формату Run n Gun у гравця всього 3 одиниці життя, які втрачаються в разі смерті, та на відмінну більшості схожих ігор де у гравця існує можливість отримати додаткове життя, то тут такої можливості нема, але якщо гравець навмисно або ненавмисно втратив всі життя, то гра на цьому не завершується, а запускається ігровий таймер де за 10 секунд гравець повинен або натиснути будь яку клавішу та продовжити гру з того місця де загинув в останнє або по закінченню таймера гра завершується, що як по мені це унікальна фішка. З мінусів можу віднести лише це оптимізацію гри але частково, чому частково, бо я тіки виявив проблему з масштабуванням екрану монітора, через що мені довелося грати на малій роздільності екрану в 1024х768 бо Full HD нажаль гра не відкоригували, а в решті нічого такого проблемного я не виявив. Тому скажу так, якщо ви фанат ретро-ігор то ця гра та вся франшиза в загалом для вас, а решті а просто можу порадити а брати чи ні, то вже саму вирішуйте, а так від мене 10 з 10 та палець вгору!",recommended,5.22,,True,ukrainian,0,0,
222861111,366250,2026-04-09,2026-04-21,很好的游戏 使我童年泡在街机厅里,recommended,1.3,,True,schinese,0,0,
222808095,366250,2026-04-08,2026-04-21,"Definitivamente, é METAL SLUG",recommended,3.1,,True,brazilian,0,0,
222791551,366250,2026-04-08,2026-04-21,"Excelente juego, con su dosis de dificultad y una experiencia muy disfrutable. Lo recomiendo completamente. Mission complete",recommended,1.4,,True,spanish,0,0,
222789706,366250,2026-04-08,2026-04-21,好玩,recommended,1.12,,True,schinese,0,0,
222757253,366250,2026-04-07,2026-04-21,4/2026 coop with Tobos,recommended,2.5,,True,english,0,0,
222723913,366250,2026-04-07,2026-04-21,말이 필요 없는 추억의 게임. 근데 도전과제 때문에 멀티 플레이를 해야 하는데 사람이 없어서 못깨요..ㅠㅠ 도전과제 깨실 분 친추 주세요..,recommended,3.08,,True,koreana,0,0,
222717975,366250,2026-04-07,2026-04-21,HEAVY MACHINE,recommended,4.12,,True,spanish,0,0,
222662571,366250,2026-04-06,2026-04-21,legendary game,recommended,5.03,,True,english,0,0,
222579759,366250,2026-04-05,2026-04-21,"Bueno y extremo. Gracias al creador por los ""continues"" ilimitados.",recommended,0.9,,True,spanish,0,0,
222534507,366250,2026-04-04,2026-04-21,Lo Recomiendo 10/10,recommended,0.08,,True,spanish,0,0,
222486706,366250,2026-04-04,2026-04-21,"DO NOT BUY THIS GAME. SERIOUSLY. Metal Slug is what comes to mind whenever someone says ""Retro Game"". I remember having so much fun with this game growing up, I'd always goto the arcade to play it with my cousin, this series is highly regarded for a reason. However, this port is COMPLETE GARBAGE. Hear me out: I already find it kind of crazy that the Metal Slug games are all sold separately on steam, not because they're bad, but just because they're all so similar and short, it makes a million times more sense to release all of these games under some ""Mega Collection"" in the same launcher. Considering that this is one of the most republished games out there (if you know what I mean) its absolutely baffling they expect you to pay 5£ for the first entry alone (which you can beat in less than 30 minutes btw). Beyond the redundancy of having this is a standalone title, the actual port itself is garbage. This game has a multitude of problems: There's is absolutely no substance to this port, there is the arcade original and a mission select, nothing else... Would it have killed to add some more content like other ports?? (maybe a score race mode or hell even an Art gallery with concept art, anything to make this better than just playing any other version). Also, it runs like absolute trash, the screen doesn't size properly on modern displays so you need to play on a crunched 4:3 aspect ratio with low resolution, which while it isn't a huge inconvenience still proves the devs didn't give a damn. The worst part about this port by far is the lag, screen tearing and the absurd frame drops. When there's a lot of actions and explosions on the screen this game drops to less than 15 fps, this is unacceptable and makes the game almost unplayable at times. On a side note, I also really hate how there isn't a way to disable photosensitive effects and flashing lights. This port is very shameful, don't play it, there are better versions of this classic out there.",not recommended,0.75,,True,english,0,0,
222437809,366250,2026-04-03,2026-04-21,"Metal Slug é um clássico que sempre vale a pena reviver. O jogo continua muito carismático, bonito e divertido, mesmo depois de tantos anos!",recommended,0.82,,True,brazilian,0,0,
222430779,366250,2026-04-03,2026-04-21,Played together with my DP,recommended,1.4,,True,english,0,0,
222361190,366250,2026-04-02,2026-04-21,:I,recommended,1.0,,True,english,0,0,
222291420,366250,2026-04-02,2026-04-21,"Quando eu era criança meu pai me apresentou um mundo completamente novo que eu nem conhecia: o dos videogames. Minha primeira gameplay foi no PS2 (que eu lembro) e foi o jogo do Ben 10, depois Lego Batman e vários outros... Mas um que realmente ficou marcado foi *Metal Slug*. Na época, eu não fazia ideia do que tinha que fazer. Nunca tinha jogado nada parecido. E mesmo assim… assim que comecei, simplesmente não consegui parar. Em uma única tarde, zerei os três primeiros jogos da franquia no meu velho PS2. Até hoje eu guardo essa franquia com muito carinho. Metal Slug tem algo especial — mesmo sendo “simples”, ele consegue conectar gerações de jogadores. É aquele tipo de jogo que nunca perde o charme. Foi por causa dele que eu me apaixonei por jogos retrô. E, sinceramente, foram os 15 reais mais bem gastos da minha vida. Poder jogar isso hoje, com 19 anos, bate uma nostalgia absurda… é como viajar no tempo. Se você tá na dúvida se vale a pena: vale SIM!!! É curto? É. Mas é MUITO divertido. Dá pra jogar sozinho ou com amigos, e isso só melhora a experiência. E a estética? Sem palavras… é um charme à parte.",recommended,5.6,,True,brazilian,0,0,
222214960,366250,2026-03-31,2026-04-21,a pure scam download ps1 emulator and you can play this without pathetic fps drops (that make it very ugly to avoid enemy hits) and for free,not recommended,0.57,,True,english,0,0,
222192793,366250,2026-03-31,2026-04-21,This game is pretty metal. No slugs tho,recommended,0.43,,True,english,0,0,
222158884,366250,2026-03-31,2026-04-21,Los mejores 40 minutos de la historia,recommended,0.67,,True,latam,0,0,
222080403,366250,2026-03-30,2026-04-21,METAL SLUG 액션 아케이드 추억팔이지만 최적화가 덜 되었는지 튕겨도 너무 튕긴다. 멀티있으니 친구랑 짧게 해도 재밌날듯,not recommended,5.27,,True,koreana,0,0,
222073923,366250,2026-03-30,2026-04-21,chugsplash,recommended,1.3,,True,english,0,0,
222036694,366250,2026-03-29,2026-04-21,It´s still great arcade fun.,recommended,4.83,,True,english,0,0,
222020736,366250,2026-03-29,2026-04-21,"I REALLY like the combat, and it is just SO fun!",recommended,81.03,,True,english,0,0,
222020365,366250,2026-03-29,2026-04-21,"Metal Slug é um clássico absoluto dos arcades, um run and gun 2D que entrega ação frenética do início ao fim com uma identidade única. Desde os primeiros minutos, o jogo já mostra seu charme com animações extremamente detalhadas, personagens carismáticos e aquele estilo visual desenhado à mão que até hoje impressiona. Cada explosão, cada inimigo derrotado e cada veículo pilotado traz uma sensação de impacto e satisfação difícil de replicar. A jogabilidade é simples, mas extremamente precisa. Correr, atirar, pular e usar granadas funciona de forma fluida, mas o jogo exige reflexos rápidos e atenção constante. A variedade de armas e os icônicos veículos (os “Slugs”) ajudam a manter o ritmo sempre dinâmico, enquanto o design das fases traz desafios constantes com inimigos surgindo de todos os lados. É um jogo que testa habilidade pura, sem depender de sistemas complexos. O grande destaque está na direção artística. Metal Slug é praticamente uma obra de arte em pixel art, com animações ricas em detalhes e um humor característico presente nas situações absurdas e nos inimigos caricatos. A trilha sonora acompanha perfeitamente o ritmo acelerado, reforçando a intensidade das batalhas e deixando tudo ainda mais memorável. Mesmo sendo um jogo relativamente curto, ele é extremamente rejogável. Cada tentativa é uma chance de melhorar seu desempenho, decorar padrões e avançar mais longe sem morrer. É aquele tipo de experiência arcade raiz, onde o desafio e a diversão caminham juntos. [b]Dificuldade das conquistas [4/10][/b] Levei cerca de 14 horas para completar todas as conquistas. A lista exige um bom domínio do jogo, principalmente por conta de uma conquista relacionado a completar o jogo sem utilizar o Continue. Existe uma manhã de fazer essa conquista junto com um amigo, onde seu amigo pode utilizar o ""Continue"" inúmeras vezes, contanto que você não utilize o ""Continue"". Grande parte das conquistas vem ao finalizar o jogo, como concluir as fases ou matar X numero de inimigos, ou resgatar, cumprir certos requisitos bem simples. Não existe grind, mas existe repetição natural até dominar as fases. Com prática, memorização dos padrões inimigos e uso inteligente dos recursos, tudo se torna bem mais tranquilo. No geral, é um 100% desafiador na medida certa, recompensador e muito divertido para quem gosta de jogos arcade clássicos. [url=https://steamcommunity.com/groups/cacadores_de_platinas][b] >> Caçadores de Platinas << [/b][/url]",recommended,16.58,,True,brazilian,0,0,
221997994,366250,2026-03-29,2026-04-21,7.5/10分。很难用评分来描述这个游戏啦，合金弹头是街机童年回忆，买来纯收藏为童年补票。记忆里好像是可以玩很久很久的，没有想到原来半个小时就可以通关。,recommended,0.55,,True,schinese,0,0,
221987238,366250,2026-03-29,2026-04-21,"After playing this game, it made me want a high-spec computer because the game lags so much.",not recommended,0.88,,True,english,0,0,
221921132,366250,2026-03-28,2026-04-21,Absolute cinema,recommended,1.18,,True,russian,0,0,
221811027,366250,2026-03-27,2026-04-21,Heavy Machine Gun🗣️🗣️🔥🔥🔥,recommended,8.38,,True,brazilian,0,0,
221767377,366250,2026-03-26,2026-04-21,"METAL SLUG - це чудова забавка у стилі ""біжи та стріляй"", яка вийшла ще у 1996 році і була перевидана, щоб сучасні гравці змогли ознайомитися з класикою. В неї чудовий, карикатурний стиль на військову тематику, де один чи двоє (гра підтримує кооператив) бравих вояк (мабуть американців, хто ж як не вони) бігають по лісах, джунглях та ворожих укріпленнях, залишаючи по собі просто гори трупів та знищеної техніки. Картинку може й покращили десь, але в цілому як на мене вона залишилась ідеально такою, якою була у момент свого першого релізу і це круто грає у мене на ностальгію, адже я провів багацько часу за Денді у друга або прекрасною PS 1 вдома у пізні 90ті та ранні 2000чні. На диво, тут ще й велика частина оточення руйнується, дозволяючи підривати цілі квартали, а різноманітна анімація ворогів приємно дивує. Рівнів всього 6, кожен з одним, а деякі навіть з більшою кількістю босів. Проходиться це все за одну годину, якщо особливо не квапитися і грати обережно, а так, спринтом, можна й за 30 хвилин впоратися. Загалом, гра не складна, вона постійно закидує тебе м'ясом, але рівно так, щоб ти мав змогу виживати та ухилятися. І все ж кілька моментів ближче до фіналу викликають безсилля та злість у спробі пройти їх без смертей, адже вони начисто забиті далекобійними ворогами і ухилитися фактично неможливо...Я б міг сказати, що винні мої криві руки, але десь 95% гри проходив успішно, тоді як ці 5% навіть скілові хлопці з ютубу не завжди можуть витягнути. На превелике розчарування, гра фактично не кидає виклику. Так, я зазначив що є складні місця, де уникнути смерті важко, але по-перше, на усю гру дають два життя, а по-друге (і це головна причина відсутності сенсу у грі для звичайного гравця) втративши всі життя, Ви можете банально натиснути Enter і відродитися знову. І так до нескінченності. Проходячи гру з товаришем ми в якийсь момент відчули відсутності цікавості, адже немає сенсу придумувати тактику проти боса чи заучувати рівень, хіба Ви самі собі кинете виклик і створите челендж не користуватися цією фішкою. А пройти гру зі стандартними двома життями ще те випробування, на яке багато людей витратили не один десяток годин. Казуальному гравцю тут буде просто нудно, адже гра коротка і сама себе дуже сильно спрощує. На мою думку, додай розробник хоча б контрольні точки, на які повертаєшся в разі втрати життів, було б трішки краще. Але меємо що маємо. Також варто зазначити, що у деякі моменти гра прочинає сильно просідати у кадрах абсолютно у всіх гравців незалежно від заліза. Переважно це стається у сутичуках з босами і великих замісах, що теж може непогано зіпсувати спробу пройти гру без смертей. В цілому, гра супер для тих, хто готовий заплатити невеликі гроші, щоб пробігти за годину і забути, або для божевільних, бажаючих трайхардити кільканадцять годин для найрідкіснішого досягнення і самовдоволення, пройшовши її без смертей.",recommended,17.08,,True,ukrainian,0,0,
221758588,366250,2026-03-26,2026-04-21,移植得挺没诚意，比模拟器的还卡，以及似乎还有卡键的情况，很奇怪,not recommended,0.97,,True,schinese,0,0,
221707393,366250,2026-03-26,2026-04-21,ta bien pero de la nada le dan bajones bien raros de fps,recommended,0.33,,True,spanish,0,0,
221703875,366250,2026-03-25,2026-04-21,"Foi feito pra ser jogado no modo com vida infinita. Divertido e rápido (igual eu na cama). ""heavy machine gun"" Em alguns momentos notei que tudo ficou com fps muito baixo. Nem tudo é perfeito. Tem Remote Play Together e Multiplayer online funcionando!",recommended,5.05,,True,brazilian,0,0,
221700670,366250,2026-03-25,2026-04-21,Παλιό αλλά καλό!!,recommended,4.08,,True,greek,0,0,
221636110,366250,2026-03-25,2026-04-21,"Peguei a época dos últimos respiros dos fliperamas, preferia jogos de luta, e com isso METAL SLUG não foi a experiência nostálgica que todos afirmam ter ao rejogar, logo está review não se apoiará em nostalgia. METAL SLUG me ganhou em TANTOS pontos, que vou ter que me conter aqui para não esticar demais a review. Comecemos citando a pixelart maravilhosa deste game, tudo é tão lindo, os veículos são irados, os cenários extremamente detalhados, e os inimigos muito carismáticos, com suas animações exalando fluidez. A experiência de jogar isso numa tela de fliperama deve ter sido surreal. As Osts são demais, sempre com um riff de guitarra estralando, e considerando a limitação da época, mesmo com uma música que você consegue sentir os pixels crocantes estralando, de maneira alguma fica ruim, considero até um charme! Sobre a experiência de jogar METAL SLUG... bom, aqui nós vamos ter que olhar de maneira sincera: Que experiência péssima. Se tratando de um Run and Gun, onde você tem inimigos atirando projéteis em você a todo momento, é de se esperar uma experiência fluída na gameplay, mas as quedas de desempenho constantes estragam tudo. Não sei se nos fliperamas, os jogadores também tinham que lidar com essas quedas de desempenho, se sim, meus pêsames, pois muitos bolsos ficaram sem um tostão afim de zerar esse game. Os controles de METAL SLUG ficaram EXTREMAMENTE datados, seja no método de atirar, até pequenos detalhes, como você não conseguir ir de uma plataforma de cima para a de baixo, bizarro. Decidi jogar todos os jogos da saga, e espero muito por uma evolução ao longo dessa experiência, pois o primeiro game da saga METAL SLUG me deu uma estética incrível, com uma experiência de gameplay muito pobre. 6 / 10",recommended,4.8,,True,brazilian,0,0,
221620431,366250,2026-03-24,2026-04-21,"I have a deep love of the series, but I really dislike the implementation of these ports. Playing them in RetroArch gives superior visuals and input lag. The versions here can't even draw to a 1080p properly without corruption. Playing on 800x600 is the best option, but even that doesn't make sense as its not a proper integer scale of the original NEO GEO hardware. Blerh",not recommended,0.25,,True,english,0,0,
221614944,366250,2026-03-24,2026-04-21,"ta bueno, no recomendadarda",not recommended,3.55,,True,spanish,0,0,
221447352,366250,2026-03-23,2026-04-21,No hay nada mejor que volver de un día ajetreado de clase y liarte a cuchillazos y cañonazos para aliviar estrés.,recommended,4.4,,True,spanish,0,0,
221426569,366250,2026-03-22,2026-04-21,Nostalgia,recommended,2.48,,True,english,0,0,
221338516,366250,2026-03-22,2026-04-21,멀티가 굳이 있을 필요가 있나? 하는 사람이 없는데,not recommended,1.95,,True,koreana,0,0,
221303738,366250,2026-03-21,2026-04-21,Agreguen para el logro multiplayer...,recommended,2.37,,False,spanish,0,0,
221273798,366250,2026-03-21,2026-04-21,"No se puede decir mucho, solo que es una Clasicazo!!!",recommended,0.87,,False,spanish,0,0,
221272542,366250,2026-03-21,2026-04-21,Fun. I remember when it was in every bar.,recommended,3.32,,False,english,0,0,
221271951,366250,2026-03-21,2026-04-21,The G.O.A.T. classic,recommended,1.3,,False,english,0,0,
221265664,366250,2026-03-21,2026-04-21,为什么不能保存进度,not recommended,2.57,,False,schinese,0,0,
221256724,366250,2026-03-21,2026-04-21,卡顿就算了，毕竟是老游戏了。但是还能闪退就很不理解，玩个盗版的也不至于闪退。,not recommended,1.6,,False,schinese,0,0,
221218446,366250,2026-03-21,2026-04-21,童年补票，永恒的经典之作，手柄玩比较舒服，建议先把键位改成自己习惯的，比如我个人习惯X开枪，Y投手榴弹，A跳，B投币。 默认游戏界面非常小，需要设置里调改全屏，但是设置里修改分辨率后开启全屏模式会发现画面严重位置，以下是解决的流程操作。 1、STEAM游戏界面，打开小齿轮图形的设置； 2、打开属性； 3、打开已安装文件，浏览； 4、找到启动exe文件； 5、鼠标右键点击启动文件——打开属性——兼容性——更改高DPI设置； 6、勾选【替代高DPI缩放行为】选项； 7、确定，重启游戏。,recommended,9.83,,False,schinese,0,0,
221214409,366250,2026-03-21,2026-04-21,"Although this is my favorite of the series, played it on the orginal arcade and it is faithful. It runs like ass on any machine I have ran it on. As soon as any animations start filling the screen it slugs down. Still, this game is fantastic and part of gaming history. Atleast TRY IT.",recommended,2.62,,False,english,0,0,
221168866,366250,2026-03-20,2026-04-21,"I sadly had to refund this game. It runs poorly and has TERRIBLE input lag. Great game, a classic, but this port is one of the worst ways to play it.",not recommended,0.08,,False,english,0,0,
221097563,366250,2026-03-20,2026-04-21,Juegaso,recommended,3.22,,False,spanish,0,0,
221049408,366250,2026-03-19,2026-04-21,这种游戏居然也能卡？,not recommended,1.62,,False,schinese,0,0,
221043819,366250,2026-03-19,2026-04-21,HEAVY MACHINE GUN,recommended,1.42,,False,english,0,0,
221026842,366250,2026-03-19,2026-04-21,"Metal Slug 1 no PC foi uma experiência foi uma verdadeira viagem no tempo. Desde os primeiros minutos, ficou claro o quanto esse jogo carrega a essência dos fliperamas: ação rápida, desafio constante e aquele estilo visual único que mistura humor com caos de guerra de uma forma inesquecível. O que mais me marcou foi justamente essa sensação de nostalgia. Cada fase parece pensada para manter a adrenalina lá em cima, com inimigos surgindo de todos os lados, veículos icônicos como o tanque Metal Slug, e animações extremamente caprichadas que ainda hoje impressionam. Mesmo sendo um jogo relativamente curto, ele consegue ser intenso do começo ao fim, sem momentos de queda no ritmo. A dificuldade também é um ponto importante — é desafiador na medida certa, exigindo reflexos rápidos e atenção, mas sem deixar de ser divertido. E claro, aquele ciclo clássico de “só mais uma tentativa” que era tão comum nos fliperamas continua funcionando perfeitamente. No fim, foi muito mais do que apenas zerar um jogo: foi reviver uma época. Metal Slug 1 não é só um clássico, é uma celebração da era de ouro dos arcades, e continua sendo incrivelmente divertido mesmo hoje. Recomendo fortemente para quem quer sentir (ou reviver) a experiência dos fliperamas, com ação direta, estilo marcante e muita personalidade. É um daqueles jogos que nunca envelhecem de verdade.",recommended,0.92,,False,brazilian,0,0,
220989978,366250,2026-03-18,2026-04-21,프레임 드랍 시발거 진짜 어케 안 됨?? 어떻게 구동이 불법에뮬만도 못 하냐...,not recommended,0.77,,False,koreana,0,0,
220984456,366250,2026-03-18,2026-04-21,小時候跑去街機玩越南大戰 根本不知道是玩哪一版 長大後才知道有好幾代 唉 不知不覺已經從小屁孩變成社畜了QQ 雖然卡卡的但就是值得懷舊>< 沒玩過的都可以去體驗看看!,recommended,0.7,,False,tchinese,0,0,
220982120,366250,2026-03-18,2026-04-21,@zxc1278900000 不打算补票吗？赶紧补票！,recommended,0.55,,False,schinese,0,0,
220978343,366250,2026-03-18,2026-04-21,абсолютная игра,recommended,1.38,,False,russian,0,0,
220964102,366250,2026-03-18,2026-04-21,고기집에서 부모님들 동전 빨아먹던 게임,recommended,1.37,,False,koreana,0,0,
220956892,366250,2026-03-18,2026-04-21,good,recommended,15.47,,False,koreana,0,0,
220945299,366250,2026-03-18,2026-04-21,"Muy entretenido, es corto pero muy desafiante eso si, si te gustan los run n gun este juego es muy ideal para jugar",recommended,3.92,,False,spanish,0,0,
220910313,366250,2026-03-17,2026-04-21,"Un porting fatto con meno di 0 impegno, buggoso, datato, non aggiornato, se non uso il monitor esterno, sul mio portatile il monitor principale, con una risoluzione più alta manda in pappa il gioco e non riesco a modificare le impostazioni perché escono dallo schermo... ma solo se imposto l'effettiva risoluzione dello schermo, in più, che si scelga 4:3 o 16:9, il gioco rimane sempre in 4:3... e come se non bastasse, non si possono scorrere le impostazioni normalmente, ma sono a ""ciclo"", ossia, se voglio cambiare la risoluzione, non compare una tendina, nemmeno posso premere destra o sinistra per scorrere tra le risoluzioni, ma posso solo andare avanti, quindi se per sbaglio salto la risoluzione che voglio, devo scorrerle tutte di nuovo... ridicolo...",not recommended,1.03,,False,italian,0,0,
220904917,366250,2026-03-17,2026-04-21,"Definitivamente, é muito melhor do que jogar em qualquer emulador. É um port bem feito, com filtro scanline e, o melhor de tudo, está sem aquele Slowdown, que deixa o jogo lento em algumas partes. Recomendo!",recommended,0.75,,False,brazilian,0,0,
220853631,366250,2026-03-16,2026-04-21,Uno de los mejores juegos de PS2 que han habido. Ideal para jugar con amigos,recommended,5.92,,False,spanish,0,0,
220781988,366250,2026-03-15,2026-04-21,Metal Slug is a timeless arcade classic with incredible pixel art.,recommended,0.92,,False,english,0,0,
220744257,366250,2026-03-15,2026-04-21,"muito bom, boas lembrancas de quando era pirralho e jogava esse game em qse todos os restaurantes recomendo 100% mesmo sem sale ponto positivo extra eh a facilidade de jogar co op",recommended,0.98,,False,brazilian,0,0,
220732332,366250,2026-03-15,2026-04-21,good wanted to relive the experience I had around 2010 when I would scrounge around a local arcade shop; and later on PSP having a blast playing this turns out the game is way harder and more chaotic than I remembered upvote for the childhood classic peak,recommended,11.57,,False,english,0,0,
220727782,366250,2026-03-15,2026-04-21,梦开始的地方,recommended,4.05,,False,schinese,0,0,
220675503,366250,2026-03-14,2026-04-21,"que nostalgia rejogar esse jogo, da minha infancia, i love METAL SLug <3",recommended,5.55,,False,brazilian,0,0,
220672816,366250,2026-03-14,2026-04-21,Muito mal otimizado. Existem outros jogos da série que entregam uma experiência bem melhor.,not recommended,1.25,,False,brazilian,0,0,
220652531,366250,2026-03-14,2026-04-21,여기서는점프로캔슬하면서총을쏘면서떨어집니다앞에있는모덴군제거하신다음에점프폭탄차를제거하죠여기서총쏘면서쭉전진하시다보면앞에포병이포를쏴요점프로피해줍니다되써오른쪽위에있는포병을칼질로제거점프폭탄세개내려와서폭탄하나점프총위에있는포병제거하시고점프폭탄으로위에있는헤비머신건먹고위쪽에있는헬기제거그다음에점프폭탄세개파파팍오른쪽에택시가있어요택시에서폭탄나옵니다폭탄먹고뒤쪽에있는포병두마리제거그다음에오른쪽에있는트럭제거하신다음에여기서점프폭탄세개파팍이렇게하시면돼요어때요정말쉽죠?,recommended,0.52,,False,koreana,0,0,
220616912,366250,2026-03-14,2026-04-21,의외로 에피소드가 짧고 진행이 스피드해서 기분 좋게 즐긴 것 같다. 스테이지 별로 다양한 공간에서 진행되는 점이 마음에 들었다. 플레이 타임이 짧고 많은 것을 설명하지 않았지만 마지막 엔딩을 보면서 마음에 와 닿는 부분이 있었다. 전쟁이라는 소재를 게임으로 다루면서 전하고자 하고 싶은 메시지가 분명하게 느껴졌다. 다만 기술적으로 프레임 드랍이 아쉬웠다.,recommended,0.57,,False,koreana,0,0,
220608607,366250,2026-03-14,2026-04-21,"Morri umas 6 vezes no maldito helicoptero no final, muito bom 81/100",recommended,2.63,,False,brazilian,0,0,
220590064,366250,2026-03-13,2026-04-21,nice,recommended,0.73,,False,english,0,0,
220575824,366250,2026-03-13,2026-04-21,系列原点，花样没有续作多，但奠定了Q版美术风格和慢悠悠的手感。 知道SNK移植不走心，但连全屏分辨率缩放都做不好简直离谱……画面会放大到很大调半天调不回去，只有800乘600窗口模式可以保平安。,not recommended,5.72,,False,schinese,0,0,
220575575,366250,2026-03-13,2026-04-21,"Nostalgia pura, jogo bem marcante na minha infância.",recommended,2.15,,False,brazilian,0,0,
220554809,366250,2026-03-13,2026-04-21,遊玩時部分場景會卡 PC 優化 沒有很好 但還是值得購買來玩 經典回憶!!,recommended,0.45,,False,tchinese,0,0,
220535401,366250,2026-03-13,2026-04-21,"meio bugado, mas jogo e muito bom, hitler fdp",recommended,0.87,,False,brazilian,0,0,
220531822,366250,2026-03-13,2026-04-21,"hehehe ▬▬▬.◙.▬▬▬ ═▂▄▄▓▄▄▂ ◢◤ █▀▀████▄▄▄▄▄▄◢◤ █▄ █ ( ͡° ͜ʖ ͡°)█▀▀▀▀▀▀▀╬ ◥██████◤ ══╩══╩══ Suba no meu helicóptero imediatamente amigo, vamos jogar METAL SLUG!!!",recommended,1.57,,False,brazilian,0,0,
220485626,366250,2026-03-12,2026-04-21,"O melhor jogo de Metal Slug de todos os tempos, Isso é tudo que você precisa saber.",recommended,7.38,,False,brazilian,0,0,
220475029,366250,2026-03-12,2026-04-21,Corto pero intenso 🥵🔥,recommended,1.4,,False,latam,0,0,
220445915,366250,2026-03-11,2026-04-21,Tenkio por este juegazo,recommended,2.05,,False,latam,0,0,
220423736,366250,2026-03-11,2026-04-21,补票 神作，初中在手机模拟器上通关的，现在也算是投币了,recommended,0.08,,False,schinese,0,0,
220423527,366250,2026-03-11,2026-04-21,AUU AUU,recommended,1.98,,False,polish,0,0,
220368300,366250,2026-03-10,2026-04-21,没玩过也得补票系列,recommended,0.23,,False,schinese,0,0,
220337652,366250,2026-03-10,2026-04-21,10/10,recommended,12.17,,False,spanish,0,0,
220291621,366250,2026-03-09,2026-04-21,YO SOY LA BABOSA METALICA 🗣️🗣️🗣️🗣️🤖,recommended,18.53,,False,spanish,0,0,
220291234,366250,2026-03-09,2026-04-21,"Un portage honteux. Le jeu n'est pas du tout fluide sur mon PC qui certes accuse son âge mais on parle de Metal Slug ici, un jeu qui a quasiment 30 ans et a déjà était porté sur de nombreux systèmes... D'ailleurs, le portage Wii fonctionnait comme un charme, ça n'a pas de bon sens.",not recommended,0.3,,False,french,0,0,
220228465,366250,2026-03-08,2026-04-21,Muy bueno el juego. Atemporal y muy entretenido,recommended,12.47,,False,latam,0,0,
220004254,366250,2026-03-06,2026-04-21,"Me gusta el arte pixelado detallado, humor peculiar y alta dificultad. >:3",recommended,4.37,,False,spanish,0,0,
219970434,366250,2026-03-06,2026-04-21,移动键跟射击键互相卡手，手感差，玩着很糟心,not recommended,0.67,,False,schinese,0,0,
219850540,366250,2026-03-05,2026-04-21,Grande classico senza tempo,recommended,1.27,,False,italian,0,0,
219752633,366250,2026-03-04,2026-04-21,jogem em um emulador de ps1!!!,recommended,8.22,,False,brazilian,0,0,
219713815,366250,2026-03-03,2026-04-21,"Es prácticamente un emulador con la ROM del juego original, sin ningun drama podrían haber echo un pack con los juegos clásicos pero no, por que prácticamente mas allá del modo online (Que no he probado) y los logros no incluye nada. Lo recomiendo sólo por el echo de que en oferta suele estar a menos de 2 USD. Pero si valiera más ni de onda lo compraría.",recommended,6.22,,False,spanish,0,0,
219682525,366250,2026-03-03,2026-04-21,"I can't believe how badly optimized this game is. This game can barely run on my rog ally z1 extreme. I thought to my self, no way this can't handle my game. So I booted it up on my rig running a 4070 ti super. And this game still runs like hot garbage. I even tried running it at 720 p windowed, and it still has bad slowdown, and not the kind you felt in the arcade. update* Video setting should not even be an option. Play this game at minimum video settings and it plays ok. 600p. Full screen. Scanlines 100%",not recommended,1.2,,False,english,0,0,
219681475,366250,2026-03-03,2026-04-21,"O level design com estilo caricato é o charme desse clássico retrô ""Run and Gun"". Joguei muito nos antigos arcades em meados 98 e com certeza recomendo a experiência aos interessados.",recommended,8.67,,False,brazilian,0,0,
219622873,366250,2026-03-02,2026-04-21,童年回忆啊 街机吃币游戏,recommended,5.43,,False,schinese,0,0,
219548040,366250,2026-03-01,2026-04-21,A childhood classic for me. As a PC gamer I do not like gaming with a controller but for this game it is definitely a must. I used a Xbox One controller.,recommended,0.38,,False,english,0,0,
219513179,366250,2026-03-01,2026-04-21,옛날에 하던 추억이 생각나서 사봄 플레이타임은 매우 짧은데 (메탈 슬러그 1편만 따지자면 0.7시간) 재미는 확실히 있음 그리고 설정창에서 권총 연사되게 해놓으면 권총 사격속도가 매우 빨라짐 난이도를 쉽거나 어렵게 조절하는 기능이 있기 때문에 초보자도 쉽게 플레이 가능,recommended,0.67,,False,koreana,0,0,
219506540,366250,2026-03-01,2026-04-21,HEAVY MACHINE GUN ⢕⢕⢕⢕⢕⠅⢗⢕⠕⣠⠄⣗⢕⢕⠕⢕⢕⢕⠕⢠⣿⠐⢕⢕⢕⠑⢕⢕⠵⢕ ⢕⢕⢕⢕⠁⢜⠕⢁⣴⣿⡇⢓⢕⢵⢐⢕⢕⠕⢁⣾⢿⣧⠑⢕⢕⠄⢑⢕⠅⢕ ⢕⢕⠵⢁⠔⢁⣤⣤⣶⣶⣶⡐⣕⢽⠐⢕⠕⣡⣾⣶⣶⣶⣤⡁⢓⢕⠄⢑⢅⢑ ⠍⣧⠄⣶⣾⣿⣿⣿⣿⣿⣿⣷⣔⢕⢄⢡⣾⣿⣿⣿⣿⣿⣿⣿⣦⡑⢕⢤⠱⢐ ⢠⢕⠅⣾⣿⠋⢿⣿⣿⣿⠉⣿⣿⣷⣦⣶⣽⣿⣿⠈⣿⣿⣿⣿⠏⢹⣷⣷⡅⢐ ⣔⢕⢥⢻⣿⡀⠈⠛⠛⠁⢠⣿⣿⣿⣿⣿⣿⣿⣿⡀⠈⠛⠛⠁⠄⣼⣿⣿⡇⢔ ⢕⢕⢽⢸⢟⢟⢖⢖⢤⣶⡟⢻⣿⡿⠻⣿⣿⡟⢀⣿⣦⢤⢤⢔⢞⢿⢿⣿⠁⢕ ⢕⢕⠅⣐⢕⢕⢕⢕⢕⣿⣿⡄⠛⢀⣦⠈⠛⢁⣼⣿⢗⢕⢕⢕⢕⢕⢕⡏⣘⢕ ⢕⢕⠅⢓⣕⣕⣕⣕⣵⣿⣿⣿⣾⣿⣿⣿⣿⣿⣿⣿⣷⣕⢕⢕⢕⢕⡵⢀⢕⢕ ⢑⢕⠃⡈⢿⣿⣿⣿⣿⣿⣿⣿⣿⣿⣿⣿⣿⣿⣿⣿⣿⣿⣿⣿⣿⣿⢃⢕⢕⢕,recommended,10.1,,False,english,0,0,
219475983,366250,2026-02-28,2026-04-21,小的时候在街机厅和老爸玩和朋友玩，满满的回忆,recommended,0.98,,False,schinese,0,0,
219379225,366250,2026-02-27,2026-04-21,"Man I played so many flash games based on this series as a kid and honestly I just love these games so much, their style of humor and the sense of personality that permeates the game makes it an unrivaled gem in the Run N' Gun genre of arcade games. I am so glad this masterpiece is on Steam. The level select is a very nice touch too.",recommended,3.73,,False,english,0,0,
219341537,366250,2026-02-27,2026-04-21,合金弹头的第一代，令人怀念的街机感觉,recommended,7.13,,False,schinese,0,0,
219329877,366250,2026-02-27,2026-04-21,my slugga,recommended,1.47,,False,english,0,0,
219288679,366250,2026-02-26,2026-04-21,"Even on easy mode I die a lot in this game, so I can't imagine the pain of playing this in the 90's in the arcade. You must have needed a fortune worth of coins to to be able to complete first Metal Slug.",recommended,8.05,,False,english,0,0,
219230414,366250,2026-02-25,2026-04-21,"Metal Slug é um excelente clássico de arcade da SNK, eu o conheci jogando no PS1. Não houve mudanças, é um porte direto para pc. O sistema de conquistas do game é chatinho, mas, recomendo, coop é sempre divertido de jogar!",recommended,1.82,,False,brazilian,0,0,
219016957,366250,2026-02-23,2026-04-21,经典，无需多言，可以无限投币,recommended,5.77,,False,schinese,0,0,
219005680,366250,2026-02-23,2026-04-21,o.g. goodness,recommended,1.63,,False,english,0,0,
218961046,366250,2026-02-22,2026-04-21,街机厅的经典游戏，爽！,recommended,1.7,,False,schinese,0,0,
218958279,366250,2026-02-22,2026-04-21,"It's nice to just blast through the game in less than an hour, specially with the nostalgia hit of playing it as a kid. It does take out the pressure of spending money in the arcade for the continues and it also has some slight slowdowns in certain chaotic situations, but still some short awesome fun and challenging if you're looking to get all achievements.",recommended,0.7,,False,english,0,0,
218876347,366250,2026-02-21,2026-04-21,"Si hablamos de clásicos de los videojuegos arcade, Metal Slug es uno de los más queridos y recordados. Lanzado en 1996 por SNK para la consola Neo Geo, este juego de acción tipo run and gun marcó una época gracias a su estilo único y su jugabilidad frenética. UNA VERDADERA JOYA",recommended,19.48,,False,spanish,0,0,
218818730,366250,2026-02-20,2026-04-21,Lo spara spara per eccellenza,recommended,5.87,,False,italian,0,0,
218810019,366250,2026-02-20,2026-04-21,合金弹头，永远滴神~,recommended,7.35,,False,schinese,0,0,
218397968,366250,2026-02-15,2026-04-21,给同年补个票，不过这几版的优化真的很烂，还不如盗版街机上的优化流畅。,not recommended,0.82,,False,schinese,0,0,
218360516,366250,2026-02-15,2026-04-21,"I remember those days we cant afford to buy Play Station 1, so i just play Contra 1 on my old Nintendo Famicom.",recommended,3.2,,False,english,0,0,
218334095,366250,2026-02-14,2026-04-21,"An absolute arcade classic. Metal Slug is one of those games many people first played on arcade machines, and it still carries that “insert coin and panic immediately” energy. As a single-player experience today it feels very thin — short, brutally unforgiving and built around repetition rather than progression. The real fun comes in co-op. Playing with another person turns chaos into comedy and makes constant dying part of the charm instead of frustration. You’re not really meant to beat it cleanly — you’re meant to barely survive while everything on screen explodes. The pixel art used to be impressive, though nowadays it shows its age, and outside nostalgia there isn’t a huge amount of content. For many players it works best as a short multiplayer throwback rather than something you’ll regularly return to. + classic arcade feel + fun co-op gameplay + simple pick-up-and-play action − very short − little depth in single player − mostly nostalgia-driven today",recommended,1.58,,False,english,0,0,
218261110,366250,2026-02-14,2026-04-21,CLÁSICO DE CLASICOS 🚬🗿,recommended,12.47,,False,spanish,0,0,
218249392,366250,2026-02-13,2026-04-21,"METAL SLUG: ¡Misión Cumplida! (Y muchas monedas gastadas) Si hablamos de joyas de las ""maquinitas"" o el arcade, Metal Slug no es solo un juego, es EL JUEGO. Es de esos títulos que, aunque pasen los años, lo vuelves a poner y te sigue volando la cabeza igual que la primera vez.",recommended,2.35,,False,spanish,0,0,
217938620,366250,2026-02-09,2026-04-21,"Быстрая (в плане очень короткая, всего 6 уровней) и динамичная штучка. Старушка нормально играется даже сейчас, хоть и не без проблем. Ладно мы играем в микро очке, это пофиг, но вот когда местами начинаются просадки до отрицательного фпс... это перебор. Еще, хз почему, но xyeвo работают диагональные выстрелы, в машинке все прекрасно, но вот у мужика просто пи3дeц, очень руинит, играл на гeйпaдe, было ли такое на консолях не помню. Конты, насколько я понял, бесконечные, пройдет любой, изначально мне такая тема не понравилась, но как увидел некую кривизну, очень даже обрадовался, тк это тупо экономит время и полоску здоровья нашей жoпы. Отдельно брать бы не стал, но в бандле, да по скидочке, вкуснятина. Удовольствие получено, если эту серию не знаете, но условная ""контра"" греет ваше сердечко, ознакомьтесь.",recommended,0.62,,False,russian,0,0,
217847370,366250,2026-02-08,2026-04-21,经典游戏 不过移植得确实不咋样，游玩过程中频繁掉帧，体验很不舒服，还不如用模拟器玩来得丝滑。,recommended,0.58,,False,schinese,0,0,
217841320,366250,2026-02-08,2026-04-21,98年那会上三年级已经能一命第五关，街机厅围满了人围观最终boss，真是一波难忘的童年回忆。,recommended,51.28,,False,schinese,0,0,
217805722,366250,2026-02-07,2026-04-21,Gosto de infância em locadoras,recommended,2.35,,False,brazilian,0,0,
217760265,366250,2026-02-07,2026-04-21,-,not recommended,9.33,,False,russian,0,0,
217695878,366250,2026-02-06,2026-04-21,有没有一起合作的小伙伴啊，刷成就,recommended,5.3,,False,schinese,0,0,
217672389,366250,2026-02-06,2026-04-21,《合金弹头1》是一款超越时代的工艺品。它的核心乐趣并非来自复杂的系统或深刻的剧情，而是源于最本质、最纯粹的游戏性：出色的手感、爆炸的视听呈现、充满惊喜的关卡设计，以及朋友间嬉笑怒骂的合作。 即使在今天，它每一帧像素所散发出的匠心和热情依然能够直接击中玩家。它不只是一款“经典老游戏”，更是一个永恒的“好玩”标准。无论你是想怀旧，还是想向年轻玩家展示电子游戏的原始魅力，打开《合金弹头1》，那段最火爆、最欢乐的街机时光就会瞬间重现。 推荐人群：所有动作游戏爱好者、像素艺术鉴赏家、本地合作游戏寻求者、游戏历史学习者。 经典指数：★★★★★ 当下可玩性：★★★★☆（建议双打并接受高难度设定）,recommended,43.87,,False,schinese,0,0,
217627133,366250,2026-02-05,2026-04-21,"башинга это старая игра детства с первых консолей, в нее играли все и она на текущий момент лучше работает даже в браузере, чем на современных системах (хотя у меня проблем не было), так что хз зачем вам это, если вы не играли в бородатых, но все равно рекомендую",recommended,4.33,,False,russian,0,0,
217572853,366250,2026-02-04,2026-04-21,"Metal Slug, sim, o clássico.",recommended,3.8,,False,brazilian,0,0,
217494351,366250,2026-02-03,2026-04-21,"Clasico de clasicos infancia pura en mi caso. mal optimizado pero va igualll, en su momento me dio horas de diversion que aca no se ven reflejadas 9/10",recommended,2.5,,False,spanish,0,0,
217439276,366250,2026-02-02,2026-04-21,Легенда,recommended,1.3,,False,russian,0,0,
217395223,366250,2026-02-02,2026-04-21,"É METAL SLUG, quem jogou no PS1 ou Fliper sabe que é excelente. Um clássico. [b]PS: Alguns deles dá para jogar com os amigos pela steam.[/b]",recommended,0.68,,False,brazilian,0,0,
217341807,366250,2026-02-01,2026-04-21,"it's pretty unresponsive and has frequent slowdowns I recommend emulating the ps1 version, which also features more content",not recommended,4.73,,False,english,0,0,
217311094,366250,2026-02-01,2026-04-21,<3,recommended,4.55,,False,latam,0,0,
217302431,366250,2026-02-01,2026-04-21,"um clássico atemporal muito nostálgico, lembro de jogar com o meu pai no ps1 quando era pequeno",recommended,31.35,,False,brazilian,0,0,
217172705,366250,2026-01-30,2026-04-21,Peak game worth every penny,recommended,2.83,,False,english,0,0,
217062667,366250,2026-01-29,2026-04-21,peak,recommended,0.62,,False,turkish,0,0,
217031668,366250,2026-01-28,2026-04-21,"Legendary Neo Geo arcade game. Contains six missions. Can be finished in half of hour. This one is enhanced emulated version - you can play in arcade coin style, unlimited lives or on various difficulties. Also there are some additional effects, such as blood etc. (as far as I remember, there is no blood in original NG Metal Slug. Can be played solo, or in coop (local or online). Quick good old arcade. I recommend it.",recommended,2.95,,False,english,0,0,
217008553,366250,2026-01-28,2026-04-21,"ᴍᴇᴛᴀʟ sʟᴜɢ: ᴏ ǫᴜᴇ ғᴀʟᴀʀ ᴅᴇssᴀ ᴀɴᴛɪɢᴜɪᴅᴀᴅᴇ? é ʙᴏᴍ? é, ᴇ ᴍᴜɪᴛᴏ! ᴅɪᴠᴇʀᴛᴇ? ʙᴀsᴛᴀɴᴛᴇ! ᴇsᴛʀᴇssᴀ? ᴏᴏʜ, sᴇ ᴇsᴛʀᴇssᴀ! é ɪɴᴊᴜsᴛᴏ? ʙᴀsᴛᴀɴᴛᴇ. é ɴᴏsᴛáʟɢɪᴄᴏ? ᴍᴜɪᴛᴏ!",recommended,1.78,,False,brazilian,0,0,
217000012,366250,2026-01-28,2026-04-21,"tem uma opcao nas configuracoes de colocar umas linhas na tela(para simular aquelas televisoes/fliperamas antigos), jogo pra matar saudade(ou tempo) uma reliquia de geração passada",recommended,8.4,,False,brazilian,0,0,
216967670,366250,2026-01-27,2026-04-21,Pense em um jogo bom!,recommended,4.75,,False,brazilian,0,0,
216964428,366250,2026-01-27,2026-04-21,"jogo ta lagado, mas muito bom",not recommended,25.08,,False,brazilian,0,0,
216832093,366250,2026-01-26,2026-04-21,"Metal Slug is obviously a classic and excellent video game. I've enjoyed my time playing this port and it seems fine to me, although I have read that this is supposedly a bad port due to a variety of reasons. So I guess that if I really wanted to play a bunch more of this game then I would just go on the internet and look up the best way to play this game. But the 79 blissfully unaware minutes that I spent playing this game were honestly acceptable.",recommended,1.32,,False,english,0,0,
216818951,366250,2026-01-26,2026-04-21,"O metal slug é uma franquia épica, porém port é horroroso da steam, feito com a b**da e é até hoje o game tendo problemas de otimização que prejudica a gameplay em máquinas de ultima geração. Não recomendo !!!",not recommended,24.33,,False,brazilian,0,0,
216802902,366250,2026-01-25,2026-04-21,"DO NOT BUY! Nothing kills nostalgia more than loading up your favorite arcade game and having to play it as if it were being streamed to you by a modem from the 90´s. You can literally type in ""Play Metal Slug Online"" anywhere on the web and you will get better emulation from your internet browser at no cost.. Glad I bought cheap on a key site because the emulation is garbage. So bad you will teleport across the screen due to how many frames have been missed. Even Metal Slug X which resolves the lagging in some part just works better in your browser than it does in this version. This is a lazy port from a Dev just trying to milk the license. DO NOT BUY!",not recommended,3.55,,False,english,0,0,
216464989,366250,2026-01-21,2026-04-21,gg,recommended,5.32,,False,english,0,0,
216364609,366250,2026-01-19,2026-04-21,"Classico do fliperama, dispensa comentarios",recommended,4.27,,False,brazilian,0,0,
216345298,366250,2026-01-19,2026-04-21,Igual el juego mas reconocido del mundo 10/10,recommended,18.37,,False,spanish,0,0,
216170673,366250,2026-01-17,2026-04-21,This is a lot easier when you don't have to worry about running out of quarters,recommended,1.28,,False,english,0,0,
216152392,366250,2026-01-17,2026-04-21,"Тут уж мне всё нравится, но чисто любовь из-за воспоминаний про Контру на Дендюльке тут хлещет из меня, только эта часть как по мне Отличная во всём, в других частях радости нет для меня, Ачипулька мне в минус если я больно плохо сказал",recommended,25.18,,False,russian,0,0,
216106047,366250,2026-01-16,2026-04-21,ever since I was a kid I used to 4buse those arcade machines no matter the country I was in and my favorite arcade game was indeed METAL SLUG. thank you for everything.,recommended,1.67,,False,english,0,0,
216089512,366250,2026-01-16,2026-04-21,"Beaucoup trop de crash, quel dommage pour une tel licence mythique !",not recommended,7.22,,False,french,0,0,
216053895,366250,2026-01-16,2026-04-21,"Mi infancia w, es igual que la primera vez, afortunadamente solo ocupe 15 pesitos para jugarlo siempre que quiera no como en las maquinitas que me quedaba pobre w",recommended,3.0,,False,spanish,0,0,
216040854,366250,2026-01-15,2026-04-21,Got it for nostalgia and to fulfill a childhood dream. Animations still hold up today. Great game,recommended,1.87,,False,english,0,0,
215976039,366250,2026-01-14,2026-04-21,es muy bueno en hidratos de carbono y proteinas con el desayuno tan bien le puedes poner palta,recommended,7.55,,False,spanish,0,0,
215926012,366250,2026-01-13,2026-04-21,good game but too short,recommended,1.1,,False,english,0,0,
215918163,366250,2026-01-13,2026-04-21,"[b]Heavy Machine Gun![/b] 🧔🤝🪖 Divertido, clássico, desafiador e nostálgico. Gráficos pixelados e uma trilha sonora tão marcante que até hoje aparece em outros tipos de entretenimento — como o famoso grito de morte dos inimigos, kkkkk. Diverti-me bastante e cheguei até a jogar co-op com um cara da Inglaterra. O fator replay está bem presente, e os sons deste jogo são muito bons — dá até para decorar alguns deles! Sugiro, assim como os outros títulos da franquia (mesmo com alguns não estando disponíveis aqui na plataforma), pela diversão desafiadora. É aquele tipo de jogo que simplesmente não enjoa. [b]Platina?[/b] Tem! A maior parte é conquistada em cerca de 3 runs: eliminar um certo número de inimigos, resgatar prisioneiros de guerra, jogar o multiplayer, completar as missões, derrotar um chefe usando o “golpe especial” e, por fim, concluir o modo Arcade — sem continuar caso perca as 2 vidas. 💥🚀 [quote]Come back any time! - Mercador[/quote]",recommended,3.87,,False,brazilian,0,0,
215899437,366250,2026-01-13,2026-04-21,Joguinho Top,recommended,8.7,,False,brazilian,0,0,
215857990,366250,2026-01-12,2026-04-21,근본은 죽지않는다 사라질뿐,recommended,0.47,,False,koreana,0,0,
215839950,366250,2026-01-12,2026-04-21,İnsan merak ediyor nasıl oluyorda 96 model bir oyunun vuruş hissiyatı ve bölüm tasarımları günümüzün bazı 60 dolarlık oyunlarından güzel olabiliyor. 8.5/10,recommended,0.52,,False,turkish,0,0,
215794295,366250,2026-01-12,2026-04-21,.,recommended,1.93,,False,english,0,0,
215691813,366250,2026-01-10,2026-04-21,El MALDITO METAL SLUG HELL YEAHH!!,recommended,1.93,,False,spanish,0,0,
215679841,366250,2026-01-10,2026-04-21,"Um clássico foda, sem segredo, sai metralhando tudo o que ver e seja feliz",recommended,3.93,,False,brazilian,0,0,
215651980,366250,2026-01-10,2026-04-21,"Penei para platinar esse arcadezinho do tempo do R$1 meia hora nas locadoras viu, consegui essa proeza faltando 1 hora para ir trabalhar, sem almoçar ainda, calor de 38° e faltando ir lavar louça que minha mãe tava enchendo pra eu ir fazer logo.",recommended,14.43,,False,brazilian,0,0,
215651249,366250,2026-01-10,2026-04-21,이거 어렵나? 잘 모르겟네 원트에 깨서 ㅋ,recommended,1.23,,False,koreana,0,0,
215639324,366250,2026-01-10,2026-04-21,童年回忆，结尾纸飞机飞过战场的镜头不赖。,recommended,5.93,,False,schinese,0,0,
215619269,366250,2026-01-10,2026-04-21,"Como las weas el juego, hecho con las patas, no permite que se juegue cooperativo local si los 2 mandos son de compañías diferentes, port de mierda malo",not recommended,1.8,,False,spanish,0,0,
215583549,366250,2026-01-09,2026-04-21,"Bro de uno se me ha complicado pasarlo, es más ni lo termino por querer jugarlo vendado.",recommended,14.77,,False,spanish,0,0,
215384379,366250,2026-01-07,2026-04-21,"[h3]⊚ STORIA: [b]6,85[/b][/h3] [h3]⊚ ESPERIENZA DI GIOCO: [b]7,50[/b][/h3] [h3]⊚ VOTO FINALE: [b]7,18[/b][/h3] [h3]TERMINATO IL: [b]22/12/2024[/b][/h3] [i][b]Premessa personale[/b] Non sono un esperto di critica videoludica, ma gioco da sempre. Nel mio catalogo Steam sono presenti molti titoli che preferisco vivere e completare prima di esprimere un giudizio. Per questo motivo, condivido un parere totalmente soggettivo, basato esclusivamente sulla mia esperienza diretta. Le valutazioni che seguono tengono conto principalmente di: ➔ STORIA (trama, personaggi) ➔ ESPERIENZA DI GIOCO (gameplay, divertimento, sensazioni generali, giocabilità) ➔ VOTO FINALE (media delle valutazioni) Sentiti libero/a di [b]aggiungermi su Steam[/b].[/i]",recommended,1.03,,False,italian,0,0,
215320532,366250,2026-01-06,2026-04-21,Ritual de volver a jugar este juego cada cierto tiempo 🙏🙏,recommended,1.32,,False,latam,0,0,
215268428,366250,2026-01-05,2026-04-21,HEAVY MACHINE GUN,recommended,1.47,,False,spanish,0,0,
215233594,366250,2026-01-05,2026-04-21,"[h1]Metal Slug — 3.4h played | 15/15 achievements | Arcade royalty, still kicking like it’s 1999[/h1] [quote][b]TL;DR[/b] — Steam Deck playable, instant fun, pure run & gun perfection. Still gorgeous, still brutal, still funny in the background details. A classic that didn’t age… it just became “mandatory”.[/quote] There are “old games” and there are [b]monuments[/b]. Metal Slug is the second category: the kind of title you launch “just for 5 minutes” and suddenly you’ve burned an hour, your fingers hurt, and you’re smiling like an idiot because the arcade magic still works. You know the deal: move forward, shoot everything, rescue prisoners, grab ridiculous weapons, hop in a Slug, and try not to get turned into confetti by enemies that clearly hate your existence. The real genius is how it feels: snappy controls, readable chaos, and that constant push-pull between “I got this” and “I’m one pixel away from death.” Difficulty ramps up exactly like an arcade machine should: fair, demanding, and slightly sadistic—because coins don’t exist anymore, but the spirit of the coin-eater does. Visually, it’s still a feast. The pixel art is packed with life: animations are insanely smooth, explosions have weight, and the background comedy is everywhere (tiny gags, weird NPC moments, visual jokes you notice only on your 10th run). It’s not just “retro pretty,” it’s “handcrafted and overqualified.” Story? It’s arcade logic: you’re here to shoot, not to write a thesis. But the game’s personality—its goofy charm, its military parody vibe, its little details—gives it more flavor than most modern shooters pretending to be “deep.” Sound and music do the job perfectly: catchy, energetic, and exactly what you want when you’re sprinting through a warzone made of pixels and panic. Bottom line: Metal Slug is a [b]must-have[/b]. Not “maybe.” Not “if you like the genre.” If you have even a drop of arcade blood in you, you buy it, you play it, you respect it. [h2]QUICK SNAPSHOT[/h2] [table] [tr][th]Category[/th][th]Verdict[/th][/tr] [tr][td]Genre[/td][td]Arcade / Run & Gun[/td][/tr] [tr][td]Core hook[/td][td]Pure arcade action, tight controls, iconic pixel art[/td][/tr] [tr][td]Playtime (me)[/td][td]3.4 hours[/td][/tr] [tr][td]Achievements[/td][td]15/15[/td][/tr] [tr][td]Steam Deck[/td][td]Playable[/td][/tr] [tr][td]Mature content[/td][td]No[/td][/tr] [tr][td]Buy advice[/td][td]Yes. Full stop.[/td][/tr] [tr][td]Recommendation[/td][td]Recommended[/td][/tr] [/table] [h2]RATINGS[/h2] [table] [tr][th]Category[/th][th]Score[/th][/tr] [tr][td]Overall[/td][td]★★★★☆[/td][/tr] [tr][td]Story / Emotion[/td][td]★★★☆☆[/td][/tr] [tr][td]Originality[/td][td]★★★★☆[/td][/tr] [tr][td]Gameplay[/td][td]★★★★★[/td][/tr] [tr][td]Art / Presentation[/td][td]★★★★☆[/td][/tr] [tr][td]Audio[/td][td]★★★★☆[/td][/tr] [tr][td]Pacing[/td][td]★★★★★[/td][/tr] [tr][td]Tech Polish[/td][td]★★★★☆[/td][/tr] [/table] Curator group: https://steamcommunity.com/groups/mexargaming [/bbcode]",recommended,3.4,,False,english,0,0,
215228232,366250,2026-01-05,2026-04-21,Old-school ♥♥♥♥ 10/10,recommended,3.05,,False,english,0,0,
215103293,366250,2026-01-04,2026-04-21,"Esse jogo não tem muito segredo, sai atirando e jogando bomba, mas só recomendo em promoção, pois é muito curto",recommended,0.75,,False,brazilian,0,0,
215024720,366250,2026-01-03,2026-04-21,"METAL SLUG 📅 Completato il: 14-08-2024 ⭐ Voto personale: 80/100 ⚠️ ATTENZIONE - Potrebbe contenere Spoiler - ATTENZIONE ⚠️ 🎇 Incipit Metal Slug è l’esempio perfetto di come si facevano le cose quando contava solo una domanda: “ti diverte subito, sì o no?”. È un run & gun arcade puro, senza fronzoli, che ti butta nel cuore dell’azione e ti chiede attenzione costante, perché basta un attimo per perdere il controllo. Non prova a reinventarsi con sistemi moderni o progressioni infinite: punta su ritmo, precisione e mastery, e proprio per questo resta attuale. È immediato da capire, ma difficile da padroneggiare, e il bello è che il divertimento nasce dal migliorare davvero, run dopo run. 🖼️ Grafica – 8.5/10 Sprite e animazioni di altissima qualità: manualità e dettagli ancora oggi iconici. 🎨 Direzione Artistica – 8.5/10 Militare caricaturale e coerente: stile riconoscibile in un secondo. 🗺️ Level Design – 8.5/10 Escalation perfetta e boss memorabili: arcade design fatto come si deve. 🎮 Gameplay – 8/10 Immediato e sempre in pressione: vecchia scuola che funziona ancora. 🛡️ Combat System – 8/10 Semplice ma precisissimo: armi e veicoli cambiano davvero l’approccio. 🎵 Colonna Sonora – 8/10 Energia e ritmo: in gioco spinge, senza mai rallentare. ⚙️ Performance – 8/10 Reattivo e stabile: fondamentale per un arcade, e qui ci siamo. 😈 Antagonisti – 7.5/10 Nemici e boss creativi: più spettacolo e pattern che psicologia. 👤 Protagonisti – 7/10 Icone arcade: presenza e carisma visivo senza bisogno di dialoghi. 📈 Progressione – 7/10 Crescita tattica in run: power-up e armi tengono alta la varietà. ⏳ Longevità – 7/10 Breve in ore, lunghissimo in voglia di perfezionarsi. 📖 Storia – 5.5/10 Pretesto ironico: fa il minimo e non rallenta mai l’azione. ✨ Conclusione – 4/5 Metal Slug è un classico perché fa bene le cose che contano: gameplay immediato, ritmo alto, livelli solidi e uno stile riconoscibile anche dopo anni. Non ha la profondità moderna di progressione o narrativa, ma non è quello il suo obiettivo: è un’esperienza arcade concentrata, fatta per essere giocata e rigiocata. Se lo valuto come run & gun puro, consegna esattamente ciò che promette. E per questo, nonostante i reparti più leggeri, porta a casa un 80 pieno.",recommended,1.58,,False,italian,0,0,
214998056,366250,2026-01-03,2026-04-21,合金弹头 童年的回忆 双人游玩 快乐加倍,recommended,1.87,,False,schinese,0,0,
214982975,366250,2026-01-03,2026-04-21,great goyslop,recommended,0.77,,False,english,0,0,
214910508,366250,2026-01-02,2026-04-21,童年,recommended,5.02,,False,schinese,0,0,
214778058,366250,2026-01-01,2026-04-21,4/5,recommended,0.87,,False,brazilian,0,0,
214663985,366250,2025-12-30,2026-04-21,명 작,recommended,16.67,,False,koreana,0,0,
214626727,366250,2025-12-30,2026-04-21,"- 시리즈를 통틀어 최고 걸작으로 평가받는 건 아무래도 3이지만, 제겐 모덴군이란 집단을 상대로 아기자기한 규모의 스테이지에서 순수하게 인간&과하게 오버하지 않은 병기들을 상대로 싸우는 1편이 마음 편하게 느껴졌습니다. - 커다란 스테이지의 규모/각종 괴생물들뿐만 아니라 화성 외계인들에 좀비들까지 투입시키면서 포기한 현실성/때로는 그로테스크하기까지 한 데드신들이 튀어나오던 3과는 달리 1은 부담없이 가볍게 즐길 수 있어서 좋았네요. - 단 이 게임은 1P로 게임을 클리어할 때랑 1P+2P로 게임을 클리어할 때의 엔딩이 다른 걸 빼면 시나리오/엔딩 분기같은 게 없고, 클리어 특전도 없어서, 다회차 플레이를 할 동기부여가 미흡하다는 점이 좀 아쉽습니다.",recommended,5.02,,False,koreana,0,0,
214593327,366250,2025-12-29,2026-04-21,"Metal Slug né paizão, tem muito oque dizer sobre ele não é um jogo retro bem daora",recommended,2.98,,False,brazilian,0,0,
214582794,366250,2025-12-29,2026-04-21,‎‎‎‎‎,recommended,11.73,,False,polish,0,0,
214543490,366250,2025-12-29,2026-04-21,"Um dos melhores jogos Run 'n' Gun de todos os tempos, com um ritmo frenético e viciante, um ótimo senso de humor, uma trilha sonora incrível, e um dos visuais em pixel art mais lindos que eu já vi em um videogame.",recommended,14.03,,False,brazilian,0,0,
214511874,366250,2025-12-29,2026-04-21,Clasicazo.,recommended,2.37,,False,latam,0,0,
214431857,366250,2025-12-28,2026-04-21,É muito bom !,recommended,0.97,,False,brazilian,0,0,
